Loan_ID,Gender,Married,Dependents,Education,Self_Employed,ApplicantIncome,CoapplicantIncome,LoanAmount,Loan_Amount_Term,Credit_History,Property_Area,Loan_Status
LP001002,1.0,No,0,Graduate,No,5849,0.0,,360.0,1.0,Urban,1
LP001003,1.0,Yes,1,Graduate,No,4583,1508.0,128.0,360.0,1.0,Rural,0
LP001005,1.0,Yes,0,Graduate,Yes,3000,0.0,66.0,360.0,1.0,Urban,1
LP001006,1.0,Yes,0,Not Graduate,No,2583,2358.0,120.0,360.0,1.0,Urban,1
LP001008,1.0,No,0,Graduate,No,6000,0.0,141.0,360.0,1.0,Urban,1
LP001011,1.0,Yes,2,Graduate,Yes,5417,4196.0,267.0,360.0,1.0,Urban,1
LP001013,1.0,Yes,0,Not Graduate,No,2333,1516.0,95.0,360.0,1.0,Urban,1
LP001014,1.0,Yes,3+,Graduate,No,3036,2504.0,158.0,360.0,0.0,Semiurban,0
LP001018,1.0,Yes,2,Graduate,No,4006,1526.0,168.0,360.0,1.0,Urban,1
LP001020,1.0,Yes,1,Graduate,No,12841,10968.0,349.0,360.0,1.0,Semiurban,0
LP001024,1.0,Yes,2,Graduate,No,3200,700.0,70.0,360.0,1.0,Urban,1
LP001027,1.0,Yes,2,Graduate,,2500,1840.0,109.0,360.0,1.0,Urban,1
LP001028,1.0,Yes,2,Graduate,No,3073,8106.0,200.0,360.0,1.0,Urban,1
LP001029,1.0,No,0,Graduate,No,1853,2840.0,114.0,360.0,1.0,Rural,0
LP001030,1.0,Yes,2,Graduate,No,1299,1086.0,17.0,120.0,1.0,Urban,1
LP001032,1.0,No,0,Graduate,No,4950,0.0,125.0,360.0,1.0,Urban,1
LP001034,1.0,No,1,Not Graduate,No,3596,0.0,100.0,240.0,,Urban,1
LP001036,0.0,No,0,Graduate,No,3510,0.0,76.0,360.0,0.0,Urban,0
LP001038,1.0,Yes,0,Not Graduate,No,4887,0.0,133.0,360.0,1.0,Rural,0
LP001041,1.0,Yes,0,Graduate,,2600,3500.0,115.0,,1.0,Urban,1
LP001043,1.0,Yes,0,Not Graduate,No,7660,0.0,104.0,360.0,0.0,Urban,0
LP001046,1.0,Yes,1,Graduate,No,5955,5625.0,315.0,360.0,1.0,Urban,1
LP001047,1.0,Yes,0,Not Graduate,No,2600,1911.0,116.0,360.0,0.0,Semiurban,0
LP001050,0.0,Yes,2,Not Graduate,No,3365,1917.0,112.0,360.0,0.0,Rural,0
LP001052,1.0,Yes,1,Graduate,,3717,2925.0,151.0,360.0,,Semiurban,0
LP001066,1.0,Yes,0,Graduate,Yes,9560,0.0,191.0,360.0,1.0,Semiurban,1
LP001068,1.0,Yes,0,Graduate,No,2799,2253.0,122.0,360.0,1.0,Semiurban,1
LP001073,1.0,Yes,2,Not Graduate,No,4226,1040.0,110.0,360.0,1.0,Urban,1
LP001086,1.0,No,0,Not Graduate,No,1442,0.0,35.0,360.0,1.0,Urban,0
LP001087,0.0,No,2,Graduate,,3750,2083.0,120.0,360.0,1.0,Semiurban,1
LP001091,1.0,Yes,1,Graduate,,4166,3369.0,201.0,360.0,,Urban,0
LP001095,1.0,No,0,Graduate,No,3167,0.0,74.0,360.0,1.0,Urban,0
LP001097,1.0,No,1,Graduate,Yes,4692,0.0,106.0,360.0,1.0,Rural,0
LP001098,1.0,Yes,0,Graduate,No,3500,1667.0,114.0,360.0,1.0,Semiurban,1
LP001100,1.0,No,3+,Graduate,No,12500,3000.0,320.0,360.0,1.0,Rural,0
LP001106,1.0,Yes,0,Graduate,No,2275,2067.0,,360.0,1.0,Urban,1
LP001109,1.0,Yes,0,Graduate,No,1828,1330.0,100.0,,0.0,Urban,0
LP001112,0.0,Yes,0,Graduate,No,3667,1459.0,144.0,360.0,1.0,Semiurban,1
LP001114,1.0,No,0,Graduate,No,4166,7210.0,184.0,360.0,1.0,Urban,1
LP001116,1.0,No,0,Not Graduate,No,3748,1668.0,110.0,360.0,1.0,Semiurban,1
LP001119,1.0,No,0,Graduate,No,3600,0.0,80.0,360.0,1.0,Urban,0
LP001120,1.0,No,0,Graduate,No,1800,1213.0,47.0,360.0,1.0,Urban,1
LP001123,1.0,Yes,0,Graduate,No,2400,0.0,75.0,360.0,,Urban,1
LP001131,1.0,Yes,0,Graduate,No,3941,2336.0,134.0,360.0,1.0,Semiurban,1
LP001136,1.0,Yes,0,Not Graduate,Yes,4695,0.0,96.0,,1.0,Urban,1
LP001137,0.0,No,0,Graduate,No,3410,0.0,88.0,,1.0,Urban,1
LP001138,1.0,Yes,1,Graduate,No,5649,0.0,44.0,360.0,1.0,Urban,1
LP001144,1.0,Yes,0,Graduate,No,5821,0.0,144.0,360.0,1.0,Urban,1
LP001146,0.0,Yes,0,Graduate,No,2645,3440.0,120.0,360.0,0.0,Urban,0
LP001151,0.0,No,0,Graduate,No,4000,2275.0,144.0,360.0,1.0,Semiurban,1
LP001155,0.0,Yes,0,Not Graduate,No,1928,1644.0,100.0,360.0,1.0,Semiurban,1
LP001157,0.0,No,0,Graduate,No,3086,0.0,120.0,360.0,1.0,Semiurban,1
LP001164,0.0,No,0,Graduate,No,4230,0.0,112.0,360.0,1.0,Semiurban,0
LP001179,1.0,Yes,2,Graduate,No,4616,0.0,134.0,360.0,1.0,Urban,0
LP001186,0.0,Yes,1,Graduate,Yes,11500,0.0,286.0,360.0,0.0,Urban,0
LP001194,1.0,Yes,2,Graduate,No,2708,1167.0,97.0,360.0,1.0,Semiurban,1
LP001195,1.0,Yes,0,Graduate,No,2132,1591.0,96.0,360.0,1.0,Semiurban,1
LP001197,1.0,Yes,0,Graduate,No,3366,2200.0,135.0,360.0,1.0,Rural,0
LP001198,1.0,Yes,1,Graduate,No,8080,2250.0,180.0,360.0,1.0,Urban,1
LP001199,1.0,Yes,2,Not Graduate,No,3357,2859.0,144.0,360.0,1.0,Urban,1
LP001205,1.0,Yes,0,Graduate,No,2500,3796.0,120.0,360.0,1.0,Urban,1
LP001206,1.0,Yes,3+,Graduate,No,3029,0.0,99.0,360.0,1.0,Urban,1
LP001207,1.0,Yes,0,Not Graduate,Yes,2609,3449.0,165.0,180.0,0.0,Rural,0
LP001213,1.0,Yes,1,Graduate,No,4945,0.0,,360.0,0.0,Rural,0
LP001222,0.0,No,0,Graduate,No,4166,0.0,116.0,360.0,0.0,Semiurban,0
LP001225,1.0,Yes,0,Graduate,No,5726,4595.0,258.0,360.0,1.0,Semiurban,0
LP001228,1.0,No,0,Not Graduate,No,3200,2254.0,126.0,180.0,0.0,Urban,0
LP001233,1.0,Yes,1,Graduate,No,10750,0.0,312.0,360.0,1.0,Urban,1
LP001238,1.0,Yes,3+,Not Graduate,Yes,7100,0.0,125.0,60.0,1.0,Urban,1
LP001241,0.0,No,0,Graduate,No,4300,0.0,136.0,360.0,0.0,Semiurban,0
LP001243,1.0,Yes,0,Graduate,No,3208,3066.0,172.0,360.0,1.0,Urban,1
LP001245,1.0,Yes,2,Not Graduate,Yes,1875,1875.0,97.0,360.0,1.0,Semiurban,1
LP001248,1.0,No,0,Graduate,No,3500,0.0,81.0,300.0,1.0,Semiurban,1
LP001250,1.0,Yes,3+,Not Graduate,No,4755,0.0,95.0,,0.0,Semiurban,0
LP001253,1.0,Yes,3+,Graduate,Yes,5266,1774.0,187.0,360.0,1.0,Semiurban,1
LP001255,1.0,No,0,Graduate,No,3750,0.0,113.0,480.0,1.0,Urban,0
LP001256,1.0,No,0,Graduate,No,3750,4750.0,176.0,360.0,1.0,Urban,0
LP001259,1.0,Yes,1,Graduate,Yes,1000,3022.0,110.0,360.0,1.0,Urban,0
LP001263,1.0,Yes,3+,Graduate,No,3167,4000.0,180.0,300.0,0.0,Semiurban,0
LP001264,1.0,Yes,3+,Not Graduate,Yes,3333,2166.0,130.0,360.0,,Semiurban,1
LP001265,0.0,No,0,Graduate,No,3846,0.0,111.0,360.0,1.0,Semiurban,1
LP001266,1.0,Yes,1,Graduate,Yes,2395,0.0,,360.0,1.0,Semiurban,1
LP001267,0.0,Yes,2,Graduate,No,1378,1881.0,167.0,360.0,1.0,Urban,0
LP001273,1.0,Yes,0,Graduate,No,6000,2250.0,265.0,360.0,,Semiurban,0
LP001275,1.0,Yes,1,Graduate,No,3988,0.0,50.0,240.0,1.0,Urban,1
LP001279,1.0,No,0,Graduate,No,2366,2531.0,136.0,360.0,1.0,Semiurban,1
LP001280,1.0,Yes,2,Not Graduate,No,3333,2000.0,99.0,360.0,,Semiurban,1
LP001282,1.0,Yes,0,Graduate,No,2500,2118.0,104.0,360.0,1.0,Semiurban,1
LP001289,1.0,No,0,Graduate,No,8566,0.0,210.0,360.0,1.0,Urban,1
LP001310,1.0,Yes,0,Graduate,No,5695,4167.0,175.0,360.0,1.0,Semiurban,1
LP001316,1.0,Yes,0,Graduate,No,2958,2900.0,131.0,360.0,1.0,Semiurban,1
LP001318,1.0,Yes,2,Graduate,No,6250,5654.0,188.0,180.0,1.0,Semiurban,1
LP001319,1.0,Yes,2,Not Graduate,No,3273,1820.0,81.0,360.0,1.0,Urban,1
LP001322,1.0,No,0,Graduate,No,4133,0.0,122.0,360.0,1.0,Semiurban,1
LP001325,1.0,No,0,Not Graduate,No,3620,0.0,25.0,120.0,1.0,Semiurban,1
LP001326,1.0,No,0,Graduate,,6782,0.0,,360.0,,Urban,0
LP001327,0.0,Yes,0,Graduate,No,2484,2302.0,137.0,360.0,1.0,Semiurban,1
LP001333,1.0,Yes,0,Graduate,No,1977,997.0,50.0,360.0,1.0,Semiurban,1
LP001334,1.0,Yes,0,Not Graduate,No,4188,0.0,115.0,180.0,1.0,Semiurban,1
LP001343,1.0,Yes,0,Graduate,No,1759,3541.0,131.0,360.0,1.0,Semiurban,1
LP001345,1.0,Yes,2,Not Graduate,No,4288,3263.0,133.0,180.0,1.0,Urban,1
LP001349,1.0,No,0,Graduate,No,4843,3806.0,151.0,360.0,1.0,Semiurban,1
LP001350,1.0,Yes,,Graduate,No,13650,0.0,,360.0,1.0,Urban,1
LP001356,1.0,Yes,0,Graduate,No,4652,3583.0,,360.0,1.0,Semiurban,1
LP001357,1.0,,,Graduate,No,3816,754.0,160.0,360.0,1.0,Urban,1
LP001367,1.0,Yes,1,Graduate,No,3052,1030.0,100.0,360.0,1.0,Urban,1
LP001369,1.0,Yes,2,Graduate,No,11417,1126.0,225.0,360.0,1.0,Urban,1
LP001370,1.0,No,0,Not Graduate,,7333,0.0,120.0,360.0,1.0,Rural,0
LP001379,1.0,Yes,2,Graduate,No,3800,3600.0,216.0,360.0,0.0,Urban,0
LP001384,1.0,Yes,3+,Not Graduate,No,2071,754.0,94.0,480.0,1.0,Semiurban,1
LP001385,1.0,No,0,Graduate,No,5316,0.0,136.0,360.0,1.0,Urban,1
LP001387,0.0,Yes,0,Graduate,,2929,2333.0,139.0,360.0,1.0,Semiurban,1
LP001391,1.0,Yes,0,Not Graduate,No,3572,4114.0,152.0,,0.0,Rural,0
LP001392,0.0,No,1,Graduate,Yes,7451,0.0,,360.0,1.0,Semiurban,1
LP001398,1.0,No,0,Graduate,,5050,0.0,118.0,360.0,1.0,Semiurban,1
LP001401,1.0,Yes,1,Graduate,No,14583,0.0,185.0,180.0,1.0,Rural,1
LP001404,0.0,Yes,0,Graduate,No,3167,2283.0,154.0,360.0,1.0,Semiurban,1
LP001405,1.0,Yes,1,Graduate,No,2214,1398.0,85.0,360.0,,Urban,1
LP001421,1.0,Yes,0,Graduate,No,5568,2142.0,175.0,360.0,1.0,Rural,0
LP001422,0.0,No,0,Graduate,No,10408,0.0,259.0,360.0,1.0,Urban,1
LP001426,1.0,Yes,,Graduate,No,5667,2667.0,180.0,360.0,1.0,Rural,1
LP001430,0.0,No,0,Graduate,No,4166,0.0,44.0,360.0,1.0,Semiurban,1
LP001431,0.0,No,0,Graduate,No,2137,8980.0,137.0,360.0,0.0,Semiurban,1
LP001432,1.0,Yes,2,Graduate,No,2957,0.0,81.0,360.0,1.0,Semiurban,1
LP001439,1.0,Yes,0,Not Graduate,No,4300,2014.0,194.0,360.0,1.0,Rural,1
LP001443,0.0,No,0,Graduate,No,3692,0.0,93.0,360.0,,Rural,1
LP001448,0.0,Yes,3+,Graduate,No,23803,0.0,370.0,360.0,1.0,Rural,1
LP001449,1.0,No,0,Graduate,No,3865,1640.0,,360.0,1.0,Rural,1
LP001451,1.0,Yes,1,Graduate,Yes,10513,3850.0,160.0,180.0,0.0,Urban,0
LP001465,1.0,Yes,0,Graduate,No,6080,2569.0,182.0,360.0,,Rural,0
LP001469,1.0,No,0,Graduate,Yes,20166,0.0,650.0,480.0,,Urban,1
LP001473,1.0,No,0,Graduate,No,2014,1929.0,74.0,360.0,1.0,Urban,1
LP001478,1.0,No,0,Graduate,No,2718,0.0,70.0,360.0,1.0,Semiurban,1
LP001482,1.0,Yes,0,Graduate,Yes,3459,0.0,25.0,120.0,1.0,Semiurban,1
LP001487,1.0,No,0,Graduate,No,4895,0.0,102.0,360.0,1.0,Semiurban,1
LP001488,1.0,Yes,3+,Graduate,No,4000,7750.0,290.0,360.0,1.0,Semiurban,0
LP001489,0.0,Yes,0,Graduate,No,4583,0.0,84.0,360.0,1.0,Rural,0
LP001491,1.0,Yes,2,Graduate,Yes,3316,3500.0,88.0,360.0,1.0,Urban,1
LP001492,1.0,No,0,Graduate,No,14999,0.0,242.0,360.0,0.0,Semiurban,0
LP001493,1.0,Yes,2,Not Graduate,No,4200,1430.0,129.0,360.0,1.0,Rural,0
LP001497,1.0,Yes,2,Graduate,No,5042,2083.0,185.0,360.0,1.0,Rural,0
LP001498,1.0,No,0,Graduate,No,5417,0.0,168.0,360.0,1.0,Urban,1
LP001504,1.0,No,0,Graduate,Yes,6950,0.0,175.0,180.0,1.0,Semiurban,1
LP001507,1.0,Yes,0,Graduate,No,2698,2034.0,122.0,360.0,1.0,Semiurban,1
LP001508,1.0,Yes,2,Graduate,No,11757,0.0,187.0,180.0,1.0,Urban,1
LP001514,0.0,Yes,0,Graduate,No,2330,4486.0,100.0,360.0,1.0,Semiurban,1
LP001516,0.0,Yes,2,Graduate,No,14866,0.0,70.0,360.0,1.0,Urban,1
LP001518,1.0,Yes,1,Graduate,No,1538,1425.0,30.0,360.0,1.0,Urban,1
LP001519,0.0,No,0,Graduate,No,10000,1666.0,225.0,360.0,1.0,Rural,0
LP001520,1.0,Yes,0,Graduate,No,4860,830.0,125.0,360.0,1.0,Semiurban,1
LP001528,1.0,No,0,Graduate,No,6277,0.0,118.0,360.0,0.0,Rural,0
LP001529,1.0,Yes,0,Graduate,Yes,2577,3750.0,152.0,360.0,1.0,Rural,1
LP001531,1.0,No,0,Graduate,No,9166,0.0,244.0,360.0,1.0,Urban,0
LP001532,1.0,Yes,2,Not Graduate,No,2281,0.0,113.0,360.0,1.0,Rural,0
LP001535,1.0,No,0,Graduate,No,3254,0.0,50.0,360.0,1.0,Urban,1
LP001536,1.0,Yes,3+,Graduate,No,39999,0.0,600.0,180.0,0.0,Semiurban,1
LP001541,1.0,Yes,1,Graduate,No,6000,0.0,160.0,360.0,,Rural,1
LP001543,1.0,Yes,1,Graduate,No,9538,0.0,187.0,360.0,1.0,Urban,1
LP001546,1.0,No,0,Graduate,,2980,2083.0,120.0,360.0,1.0,Rural,1
LP001552,1.0,Yes,0,Graduate,No,4583,5625.0,255.0,360.0,1.0,Semiurban,1
LP001560,1.0,Yes,0,Not Graduate,No,1863,1041.0,98.0,360.0,1.0,Semiurban,1
LP001562,1.0,Yes,0,Graduate,No,7933,0.0,275.0,360.0,1.0,Urban,0
LP001565,1.0,Yes,1,Graduate,No,3089,1280.0,121.0,360.0,0.0,Semiurban,0
LP001570,1.0,Yes,2,Graduate,No,4167,1447.0,158.0,360.0,1.0,Rural,1
LP001572,1.0,Yes,0,Graduate,No,9323,0.0,75.0,180.0,1.0,Urban,1
LP001574,1.0,Yes,0,Graduate,No,3707,3166.0,182.0,,1.0,Rural,1
LP001577,0.0,Yes,0,Graduate,No,4583,0.0,112.0,360.0,1.0,Rural,0
LP001578,1.0,Yes,0,Graduate,No,2439,3333.0,129.0,360.0,1.0,Rural,1
LP001579,1.0,No,0,Graduate,No,2237,0.0,63.0,480.0,0.0,Semiurban,0
LP001580,1.0,Yes,2,Graduate,No,8000,0.0,200.0,360.0,1.0,Semiurban,1
LP001581,1.0,Yes,0,Not Graduate,,1820,1769.0,95.0,360.0,1.0,Rural,1
LP001585,0.0,Yes,3+,Graduate,No,51763,0.0,700.0,300.0,1.0,Urban,1
LP001586,1.0,Yes,3+,Not Graduate,No,3522,0.0,81.0,180.0,1.0,Rural,0
LP001594,1.0,Yes,0,Graduate,No,5708,5625.0,187.0,360.0,1.0,Semiurban,1
LP001603,1.0,Yes,0,Not Graduate,Yes,4344,736.0,87.0,360.0,1.0,Semiurban,0
LP001606,1.0,Yes,0,Graduate,No,3497,1964.0,116.0,360.0,1.0,Rural,1
LP001608,1.0,Yes,2,Graduate,No,2045,1619.0,101.0,360.0,1.0,Rural,1
LP001610,1.0,Yes,3+,Graduate,No,5516,11300.0,495.0,360.0,0.0,Semiurban,0
LP001616,1.0,Yes,1,Graduate,No,3750,0.0,116.0,360.0,1.0,Semiurban,1
LP001630,1.0,No,0,Not Graduate,No,2333,1451.0,102.0,480.0,0.0,Urban,0
LP001633,1.0,Yes,1,Graduate,No,6400,7250.0,180.0,360.0,0.0,Urban,0
LP001634,1.0,No,0,Graduate,No,1916,5063.0,67.0,360.0,,Rural,0
LP001636,1.0,Yes,0,Graduate,No,4600,0.0,73.0,180.0,1.0,Semiurban,1
LP001637,1.0,Yes,1,Graduate,No,33846,0.0,260.0,360.0,1.0,Semiurban,0
LP001639,0.0,Yes,0,Graduate,No,3625,0.0,108.0,360.0,1.0,Semiurban,1
LP001640,1.0,Yes,0,Graduate,Yes,39147,4750.0,120.0,360.0,1.0,Semiurban,1
LP001641,1.0,Yes,1,Graduate,Yes,2178,0.0,66.0,300.0,0.0,Rural,0
LP001643,1.0,Yes,0,Graduate,No,2383,2138.0,58.0,360.0,,Rural,1
LP001644,0.0,Yes,0,Graduate,Yes,674,5296.0,168.0,360.0,1.0,Rural,1
LP001647,1.0,Yes,0,Graduate,No,9328,0.0,188.0,180.0,1.0,Rural,1
LP001653,1.0,No,0,Not Graduate,No,4885,0.0,48.0,360.0,1.0,Rural,1
LP001656,1.0,No,0,Graduate,No,12000,0.0,164.0,360.0,1.0,Semiurban,0
LP001657,1.0,Yes,0,Not Graduate,No,6033,0.0,160.0,360.0,1.0,Urban,0
LP001658,1.0,No,0,Graduate,No,3858,0.0,76.0,360.0,1.0,Semiurban,1
LP001664,1.0,No,0,Graduate,No,4191,0.0,120.0,360.0,1.0,Rural,1
LP001665,1.0,Yes,1,Graduate,No,3125,2583.0,170.0,360.0,1.0,Semiurban,0
LP001666,1.0,No,0,Graduate,No,8333,3750.0,187.0,360.0,1.0,Rural,1
LP001669,0.0,No,0,Not Graduate,No,1907,2365.0,120.0,,1.0,Urban,1
LP001671,0.0,Yes,0,Graduate,No,3416,2816.0,113.0,360.0,,Semiurban,1
LP001673,1.0,No,0,Graduate,Yes,11000,0.0,83.0,360.0,1.0,Urban,0
LP001674,1.0,Yes,1,Not Graduate,No,2600,2500.0,90.0,360.0,1.0,Semiurban,1
LP001677,1.0,No,2,Graduate,No,4923,0.0,166.0,360.0,0.0,Semiurban,1
LP001682,1.0,Yes,3+,Not Graduate,No,3992,0.0,,180.0,1.0,Urban,0
LP001688,1.0,Yes,1,Not Graduate,No,3500,1083.0,135.0,360.0,1.0,Urban,1
LP001691,1.0,Yes,2,Not Graduate,No,3917,0.0,124.0,360.0,1.0,Semiurban,1
LP001692,0.0,No,0,Not Graduate,No,4408,0.0,120.0,360.0,1.0,Semiurban,1
LP001693,0.0,No,0,Graduate,No,3244,0.0,80.0,360.0,1.0,Urban,1
LP001698,1.0,No,0,Not Graduate,No,3975,2531.0,55.0,360.0,1.0,Rural,1
LP001699,1.0,No,0,Graduate,No,2479,0.0,59.0,360.0,1.0,Urban,1
LP001702,1.0,No,0,Graduate,No,3418,0.0,127.0,360.0,1.0,Semiurban,0
LP001708,0.0,No,0,Graduate,No,10000,0.0,214.0,360.0,1.0,Semiurban,0
LP001711,1.0,Yes,3+,Graduate,No,3430,1250.0,128.0,360.0,0.0,Semiurban,0
LP001713,1.0,Yes,1,Graduate,Yes,7787,0.0,240.0,360.0,1.0,Urban,1
LP001715,1.0,Yes,3+,Not Graduate,Yes,5703,0.0,130.0,360.0,1.0,Rural,1
LP001716,1.0,Yes,0,Graduate,No,3173,3021.0,137.0,360.0,1.0,Urban,1
LP001720,1.0,Yes,3+,Not Graduate,No,3850,983.0,100.0,360.0,1.0,Semiurban,1
LP001722,1.0,Yes,0,Graduate,No,150,1800.0,135.0,360.0,1.0,Rural,0
LP001726,1.0,Yes,0,Graduate,No,3727,1775.0,131.0,360.0,1.0,Semiurban,1
LP001732,1.0,Yes,2,Graduate,,5000,0.0,72.0,360.0,0.0,Semiurban,0
LP001734,0.0,Yes,2,Graduate,No,4283,2383.0,127.0,360.0,,Semiurban,1
LP001736,1.0,Yes,0,Graduate,No,2221,0.0,60.0,360.0,0.0,Urban,0
LP001743,1.0,Yes,2,Graduate,No,4009,1717.0,116.0,360.0,1.0,Semiurban,1
LP001744,1.0,No,0,Graduate,No,2971,2791.0,144.0,360.0,1.0,Semiurban,1
LP001749,1.0,Yes,0,Graduate,No,7578,1010.0,175.0,,1.0,Semiurban,1
LP001750,1.0,Yes,0,Graduate,No,6250,0.0,128.0,360.0,1.0,Semiurban,1
LP001751,1.0,Yes,0,Graduate,No,3250,0.0,170.0,360.0,1.0,Rural,0
LP001754,1.0,Yes,,Not Graduate,Yes,4735,0.0,138.0,360.0,1.0,Urban,0
LP001758,1.0,Yes,2,Graduate,No,6250,1695.0,210.0,360.0,1.0,Semiurban,1
LP001760,1.0,,,Graduate,No,4758,0.0,158.0,480.0,1.0,Semiurban,1
LP001761,1.0,No,0,Graduate,Yes,6400,0.0,200.0,360.0,1.0,Rural,1
LP001765,1.0,Yes,1,Graduate,No,2491,2054.0,104.0,360.0,1.0,Semiurban,1
LP001768,1.0,Yes,0,Graduate,,3716,0.0,42.0,180.0,1.0,Rural,1
LP001770,1.0,No,0,Not Graduate,No,3189,2598.0,120.0,,1.0,Rural,1
LP001776,0.0,No,0,Graduate,No,8333,0.0,280.0,360.0,1.0,Semiurban,1
LP001778,1.0,Yes,1,Graduate,No,3155,1779.0,140.0,360.0,1.0,Semiurban,1
LP001784,1.0,Yes,1,Graduate,No,5500,1260.0,170.0,360.0,1.0,Rural,1
LP001786,1.0,Yes,0,Graduate,,5746,0.0,255.0,360.0,,Urban,0
LP001788,0.0,No,0,Graduate,Yes,3463,0.0,122.0,360.0,,Urban,1
LP001790,0.0,No,1,Graduate,No,3812,0.0,112.0,360.0,1.0,Rural,1
LP001792,1.0,Yes,1,Graduate,No,3315,0.0,96.0,360.0,1.0,Semiurban,1
LP001798,1.0,Yes,2,Graduate,No,5819,5000.0,120.0,360.0,1.0,Rural,1
LP001800,1.0,Yes,1,Not Graduate,No,2510,1983.0,140.0,180.0,1.0,Urban,0
LP001806,1.0,No,0,Graduate,No,2965,5701.0,155.0,60.0,1.0,Urban,1
LP001807,1.0,Yes,2,Graduate,Yes,6250,1300.0,108.0,360.0,1.0,Rural,1
LP001811,1.0,Yes,0,Not Graduate,No,3406,4417.0,123.0,360.0,1.0,Semiurban,1
LP001813,1.0,No,0,Graduate,Yes,6050,4333.0,120.0,180.0,1.0,Urban,0
LP001814,1.0,Yes,2,Graduate,No,9703,0.0,112.0,360.0,1.0,Urban,1
LP001819,1.0,Yes,1,Not Graduate,No,6608,0.0,137.0,180.0,1.0,Urban,1
LP001824,1.0,Yes,1,Graduate,No,2882,1843.0,123.0,480.0,1.0,Semiurban,1
LP001825,1.0,Yes,0,Graduate,No,1809,1868.0,90.0,360.0,1.0,Urban,1
LP001835,1.0,Yes,0,Not Graduate,No,1668,3890.0,201.0,360.0,0.0,Semiurban,0
LP001836,0.0,No,2,Graduate,No,3427,0.0,138.0,360.0,1.0,Urban,0
LP001841,1.0,No,0,Not Graduate,Yes,2583,2167.0,104.0,360.0,1.0,Rural,1
LP001843,1.0,Yes,1,Not Graduate,No,2661,7101.0,279.0,180.0,1.0,Semiurban,1
LP001844,1.0,No,0,Graduate,Yes,16250,0.0,192.0,360.0,0.0,Urban,0
LP001846,0.0,No,3+,Graduate,No,3083,0.0,255.0,360.0,1.0,Rural,1
LP001849,1.0,No,0,Not Graduate,No,6045,0.0,115.0,360.0,0.0,Rural,0
LP001854,1.0,Yes,3+,Graduate,No,5250,0.0,94.0,360.0,1.0,Urban,0
LP001859,1.0,Yes,0,Graduate,No,14683,2100.0,304.0,360.0,1.0,Rural,0
LP001864,1.0,Yes,3+,Not Graduate,No,4931,0.0,128.0,360.0,,Semiurban,0
LP001865,1.0,Yes,1,Graduate,No,6083,4250.0,330.0,360.0,,Urban,1
LP001868,1.0,No,0,Graduate,No,2060,2209.0,134.0,360.0,1.0,Semiurban,1
LP001870,0.0,No,1,Graduate,No,3481,0.0,155.0,36.0,1.0,Semiurban,0
LP001871,0.0,No,0,Graduate,No,7200,0.0,120.0,360.0,1.0,Rural,1
LP001872,1.0,No,0,Graduate,Yes,5166,0.0,128.0,360.0,1.0,Semiurban,1
LP001875,1.0,No,0,Graduate,No,4095,3447.0,151.0,360.0,1.0,Rural,1
LP001877,1.0,Yes,2,Graduate,No,4708,1387.0,150.0,360.0,1.0,Semiurban,1
LP001882,1.0,Yes,3+,Graduate,No,4333,1811.0,160.0,360.0,0.0,Urban,1
LP001883,0.0,No,0,Graduate,,3418,0.0,135.0,360.0,1.0,Rural,0
LP001884,0.0,No,1,Graduate,No,2876,1560.0,90.0,360.0,1.0,Urban,1
LP001888,0.0,No,0,Graduate,No,3237,0.0,30.0,360.0,1.0,Urban,1
LP001891,1.0,Yes,0,Graduate,No,11146,0.0,136.0,360.0,1.0,Urban,1
LP001892,1.0,No,0,Graduate,No,2833,1857.0,126.0,360.0,1.0,Rural,1
LP001894,1.0,Yes,0,Graduate,No,2620,2223.0,150.0,360.0,1.0,Semiurban,1
LP001896,1.0,Yes,2,Graduate,No,3900,0.0,90.0,360.0,1.0,Semiurban,1
LP001900,1.0,Yes,1,Graduate,No,2750,1842.0,115.0,360.0,1.0,Semiurban,1
LP001903,1.0,Yes,0,Graduate,No,3993,3274.0,207.0,360.0,1.0,Semiurban,1
LP001904,1.0,Yes,0,Graduate,No,3103,1300.0,80.0,360.0,1.0,Urban,1
LP001907,1.0,Yes,0,Graduate,No,14583,0.0,436.0,360.0,1.0,Semiurban,1
LP001908,0.0,Yes,0,Not Graduate,No,4100,0.0,124.0,360.0,,Rural,1
LP001910,1.0,No,1,Not Graduate,Yes,4053,2426.0,158.0,360.0,0.0,Urban,0
LP001914,1.0,Yes,0,Graduate,No,3927,800.0,112.0,360.0,1.0,Semiurban,1
LP001915,1.0,Yes,2,Graduate,No,2301,985.7999878,78.0,180.0,1.0,Urban,1
LP001917,0.0,No,0,Graduate,No,1811,1666.0,54.0,360.0,1.0,Urban,1
LP001922,1.0,Yes,0,Graduate,No,20667,0.0,,360.0,1.0,Rural,0
LP001924,1.0,No,0,Graduate,No,3158,3053.0,89.0,360.0,1.0,Rural,1
LP001925,0.0,No,0,Graduate,Yes,2600,1717.0,99.0,300.0,1.0,Semiurban,0
LP001926,1.0,Yes,0,Graduate,No,3704,2000.0,120.0,360.0,1.0,Rural,1
LP001931,0.0,No,0,Graduate,No,4124,0.0,115.0,360.0,1.0,Semiurban,1
LP001935,1.0,No,0,Graduate,No,9508,0.0,187.0,360.0,1.0,Rural,1
LP001936,1.0,Yes,0,Graduate,No,3075,2416.0,139.0,360.0,1.0,Rural,1
LP001938,1.0,Yes,2,Graduate,No,4400,0.0,127.0,360.0,0.0,Semiurban,0
LP001940,1.0,Yes,2,Graduate,No,3153,1560.0,134.0,360.0,1.0,Urban,1
LP001945,0.0,No,,Graduate,No,5417,0.0,143.0,480.0,0.0,Urban,0
LP001947,1.0,Yes,0,Graduate,No,2383,3334.0,172.0,360.0,1.0,Semiurban,1
LP001949,1.0,Yes,3+,Graduate,,4416,1250.0,110.0,360.0,1.0,Urban,1
LP001953,1.0,Yes,1,Graduate,No,6875,0.0,200.0,360.0,1.0,Semiurban,1
LP001954,0.0,Yes,1,Graduate,No,4666,0.0,135.0,360.0,1.0,Urban,1
LP001955,0.0,No,0,Graduate,No,5000,2541.0,151.0,480.0,1.0,Rural,0
LP001963,1.0,Yes,1,Graduate,No,2014,2925.0,113.0,360.0,1.0,Urban,0
LP001964,1.0,Yes,0,Not Graduate,No,1800,2934.0,93.0,360.0,0.0,Urban,0
LP001972,1.0,Yes,,Not Graduate,No,2875,1750.0,105.0,360.0,1.0,Semiurban,1
LP001974,0.0,No,0,Graduate,No,5000,0.0,132.0,360.0,1.0,Rural,1
LP001977,1.0,Yes,1,Graduate,No,1625,1803.0,96.0,360.0,1.0,Urban,1
LP001978,1.0,No,0,Graduate,No,4000,2500.0,140.0,360.0,1.0,Rural,1
LP001990,1.0,No,0,Not Graduate,No,2000,0.0,,360.0,1.0,Urban,0
LP001993,0.0,No,0,Graduate,No,3762,1666.0,135.0,360.0,1.0,Rural,1
LP001994,0.0,No,0,Graduate,No,2400,1863.0,104.0,360.0,0.0,Urban,0
LP001996,1.0,No,0,Graduate,No,20233,0.0,480.0,360.0,1.0,Rural,0
LP001998,1.0,Yes,2,Not Graduate,No,7667,0.0,185.0,360.0,,Rural,1
LP002002,0.0,No,0,Graduate,No,2917,0.0,84.0,360.0,1.0,Semiurban,1
LP002004,1.0,No,0,Not Graduate,No,2927,2405.0,111.0,360.0,1.0,Semiurban,1
LP002006,0.0,No,0,Graduate,No,2507,0.0,56.0,360.0,1.0,Rural,1
LP002008,1.0,Yes,2,Graduate,Yes,5746,0.0,144.0,84.0,,Rural,1
LP002024,0.0,Yes,0,Graduate,No,2473,1843.0,159.0,360.0,1.0,Rural,0
LP002031,1.0,Yes,1,Not Graduate,No,3399,1640.0,111.0,180.0,1.0,Urban,1
LP002035,1.0,Yes,2,Graduate,No,3717,0.0,120.0,360.0,1.0,Semiurban,1
LP002036,1.0,Yes,0,Graduate,No,2058,2134.0,88.0,360.0,,Urban,1
LP002043,0.0,No,1,Graduate,No,3541,0.0,112.0,360.0,,Semiurban,1
LP002050,1.0,Yes,1,Graduate,Yes,10000,0.0,155.0,360.0,1.0,Rural,0
LP002051,1.0,Yes,0,Graduate,No,2400,2167.0,115.0,360.0,1.0,Semiurban,1
LP002053,1.0,Yes,3+,Graduate,No,4342,189.0,124.0,360.0,1.0,Semiurban,1
LP002054,1.0,Yes,2,Not Graduate,No,3601,1590.0,,360.0,1.0,Rural,1
LP002055,0.0,No,0,Graduate,No,3166,2985.0,132.0,360.0,,Rural,1
LP002065,1.0,Yes,3+,Graduate,No,15000,0.0,300.0,360.0,1.0,Rural,1
LP002067,1.0,Yes,1,Graduate,Yes,8666,4983.0,376.0,360.0,0.0,Rural,0
LP002068,1.0,No,0,Graduate,No,4917,0.0,130.0,360.0,0.0,Rural,1
LP002082,1.0,Yes,0,Graduate,Yes,5818,2160.0,184.0,360.0,1.0,Semiurban,1
LP002086,0.0,Yes,0,Graduate,No,4333,2451.0,110.0,360.0,1.0,Urban,0
LP002087,0.0,No,0,Graduate,No,2500,0.0,67.0,360.0,1.0,Urban,1
LP002097,1.0,No,1,Graduate,No,4384,1793.0,117.0,360.0,1.0,Urban,1
LP002098,1.0,No,0,Graduate,No,2935,0.0,98.0,360.0,1.0,Semiurban,1
LP002100,1.0,No,,Graduate,No,2833,0.0,71.0,360.0,1.0,Urban,1
LP002101,1.0,Yes,0,Graduate,,63337,0.0,490.0,180.0,1.0,Urban,1
LP002103,0.0,Yes,1,Graduate,Yes,9833,1833.0,182.0,180.0,1.0,Urban,1
LP002106,1.0,Yes,,Graduate,Yes,5503,4490.0,70.0,,1.0,Semiurban,1
LP002110,1.0,Yes,1,Graduate,,5250,688.0,160.0,360.0,1.0,Rural,1
LP002112,1.0,Yes,2,Graduate,Yes,2500,4600.0,176.0,360.0,1.0,Rural,1
LP002113,0.0,No,3+,Not Graduate,No,1830,0.0,,360.0,0.0,Urban,0
LP002114,0.0,No,0,Graduate,No,4160,0.0,71.0,360.0,1.0,Semiurban,1
LP002115,1.0,Yes,3+,Not Graduate,No,2647,1587.0,173.0,360.0,1.0,Rural,0
LP002116,0.0,No,0,Graduate,No,2378,0.0,46.0,360.0,1.0,Rural,0
LP002119,1.0,Yes,1,Not Graduate,No,4554,1229.0,158.0,360.0,1.0,Urban,1
LP002126,1.0,Yes,3+,Not Graduate,No,3173,0.0,74.0,360.0,1.0,Semiurban,1
LP002128,1.0,Yes,2,Graduate,,2583,2330.0,125.0,360.0,1.0,Rural,1
LP002129,1.0,Yes,0,Graduate,No,2499,2458.0,160.0,360.0,1.0,Semiurban,1
LP002130,1.0,Yes,,Not Graduate,No,3523,3230.0,152.0,360.0,0.0,Rural,0
LP002131,1.0,Yes,2,Not Graduate,No,3083,2168.0,126.0,360.0,1.0,Urban,1
LP002137,1.0,Yes,0,Graduate,No,6333,4583.0,259.0,360.0,,Semiurban,1
LP002138,1.0,Yes,0,Graduate,No,2625,6250.0,187.0,360.0,1.0,Rural,1
LP002139,1.0,Yes,0,Graduate,No,9083,0.0,228.0,360.0,1.0,Semiurban,1
LP002140,1.0,No,0,Graduate,No,8750,4167.0,308.0,360.0,1.0,Rural,0
LP002141,1.0,Yes,3+,Graduate,No,2666,2083.0,95.0,360.0,1.0,Rural,1
LP002142,0.0,Yes,0,Graduate,Yes,5500,0.0,105.0,360.0,0.0,Rural,0
LP002143,0.0,Yes,0,Graduate,No,2423,505.0,130.0,360.0,1.0,Semiurban,1
LP002144,0.0,No,,Graduate,No,3813,0.0,116.0,180.0,1.0,Urban,1
LP002149,1.0,Yes,2,Graduate,No,8333,3167.0,165.0,360.0,1.0,Rural,1
LP002151,1.0,Yes,1,Graduate,No,3875,0.0,67.0,360.0,1.0,Urban,0
LP002158,1.0,Yes,0,Not Graduate,No,3000,1666.0,100.0,480.0,0.0,Urban,0
LP002160,1.0,Yes,3+,Graduate,No,5167,3167.0,200.0,360.0,1.0,Semiurban,1
LP002161,0.0,No,1,Graduate,No,4723,0.0,81.0,360.0,1.0,Semiurban,0
LP002170,1.0,Yes,2,Graduate,No,5000,3667.0,236.0,360.0,1.0,Semiurban,1
LP002175,1.0,Yes,0,Graduate,No,4750,2333.0,130.0,360.0,1.0,Urban,1
LP002178,1.0,Yes,0,Graduate,No,3013,3033.0,95.0,300.0,,Urban,1
LP002180,1.0,No,0,Graduate,Yes,6822,0.0,141.0,360.0,1.0,Rural,1
LP002181,1.0,No,0,Not Graduate,No,6216,0.0,133.0,360.0,1.0,Rural,0
LP002187,1.0,No,0,Graduate,No,2500,0.0,96.0,480.0,1.0,Semiurban,0
LP002188,1.0,No,0,Graduate,No,5124,0.0,124.0,,0.0,Rural,0
LP002190,1.0,Yes,1,Graduate,No,6325,0.0,175.0,360.0,1.0,Semiurban,1
LP002191,1.0,Yes,0,Graduate,No,19730,5266.0,570.0,360.0,1.0,Rural,0
LP002194,0.0,No,0,Graduate,Yes,15759,0.0,55.0,360.0,1.0,Semiurban,1
LP002197,1.0,Yes,2,Graduate,No,5185,0.0,155.0,360.0,1.0,Semiurban,1
LP002201,1.0,Yes,2,Graduate,Yes,9323,7873.0,380.0,300.0,1.0,Rural,1
LP002205,1.0,No,1,Graduate,No,3062,1987.0,111.0,180.0,0.0,Urban,0
LP002209,0.0,No,0,Graduate,,2764,1459.0,110.0,360.0,1.0,Urban,1
LP002211,1.0,Yes,0,Graduate,No,4817,923.0,120.0,180.0,1.0,Urban,1
LP002219,1.0,Yes,3+,Graduate,No,8750,4996.0,130.0,360.0,1.0,Rural,1
LP002223,1.0,Yes,0,Graduate,No,4310,0.0,130.0,360.0,,Semiurban,1
LP002224,1.0,No,0,Graduate,No,3069,0.0,71.0,480.0,1.0,Urban,0
LP002225,1.0,Yes,2,Graduate,No,5391,0.0,130.0,360.0,1.0,Urban,1
LP002226,1.0,Yes,0,Graduate,,3333,2500.0,128.0,360.0,1.0,Semiurban,1
LP002229,1.0,No,0,Graduate,No,5941,4232.0,296.0,360.0,1.0,Semiurban,1
LP002231,0.0,No,0,Graduate,No,6000,0.0,156.0,360.0,1.0,Urban,1
LP002234,1.0,No,0,Graduate,Yes,7167,0.0,128.0,360.0,1.0,Urban,1
LP002236,1.0,Yes,2,Graduate,No,4566,0.0,100.0,360.0,1.0,Urban,0
LP002237,1.0,No,1,Graduate,,3667,0.0,113.0,180.0,1.0,Urban,1
LP002239,1.0,No,0,Not Graduate,No,2346,1600.0,132.0,360.0,1.0,Semiurban,1
LP002243,1.0,Yes,0,Not Graduate,No,3010,3136.0,,360.0,0.0,Urban,0
LP002244,1.0,Yes,0,Graduate,No,2333,2417.0,136.0,360.0,1.0,Urban,1
LP002250,1.0,Yes,0,Graduate,No,5488,0.0,125.0,360.0,1.0,Rural,1
LP002255,1.0,No,3+,Graduate,No,9167,0.0,185.0,360.0,1.0,Rural,1
LP002262,1.0,Yes,3+,Graduate,No,9504,0.0,275.0,360.0,1.0,Rural,1
LP002263,1.0,Yes,0,Graduate,No,2583,2115.0,120.0,360.0,,Urban,1
LP002265,1.0,Yes,2,Not Graduate,No,1993,1625.0,113.0,180.0,1.0,Semiurban,1
LP002266,1.0,Yes,2,Graduate,No,3100,1400.0,113.0,360.0,1.0,Urban,1
LP002272,1.0,Yes,2,Graduate,No,3276,484.0,135.0,360.0,,Semiurban,1
LP002277,0.0,No,0,Graduate,No,3180,0.0,71.0,360.0,0.0,Urban,0
LP002281,1.0,Yes,0,Graduate,No,3033,1459.0,95.0,360.0,1.0,Urban,1
LP002284,1.0,No,0,Not Graduate,No,3902,1666.0,109.0,360.0,1.0,Rural,1
LP002287,0.0,No,0,Graduate,No,1500,1800.0,103.0,360.0,0.0,Semiurban,0
LP002288,1.0,Yes,2,Not Graduate,No,2889,0.0,45.0,180.0,0.0,Urban,0
LP002296,1.0,No,0,Not Graduate,No,2755,0.0,65.0,300.0,1.0,Rural,0
LP002297,1.0,No,0,Graduate,No,2500,20000.0,103.0,360.0,1.0,Semiurban,1
LP002300,0.0,No,0,Not Graduate,No,1963,0.0,53.0,360.0,1.0,Semiurban,1
LP002301,0.0,No,0,Graduate,Yes,7441,0.0,194.0,360.0,1.0,Rural,0
LP002305,0.0,No,0,Graduate,No,4547,0.0,115.0,360.0,1.0,Semiurban,1
LP002308,1.0,Yes,0,Not Graduate,No,2167,2400.0,115.0,360.0,1.0,Urban,1
LP002314,0.0,No,0,Not Graduate,No,2213,0.0,66.0,360.0,1.0,Rural,1
LP002315,1.0,Yes,1,Graduate,No,8300,0.0,152.0,300.0,0.0,Semiurban,0
LP002317,1.0,Yes,3+,Graduate,No,81000,0.0,360.0,360.0,0.0,Rural,0
LP002318,0.0,No,1,Not Graduate,Yes,3867,0.0,62.0,360.0,1.0,Semiurban,0
LP002319,1.0,Yes,0,Graduate,,6256,0.0,160.0,360.0,,Urban,1
LP002328,1.0,Yes,0,Not Graduate,No,6096,0.0,218.0,360.0,0.0,Rural,0
LP002332,1.0,Yes,0,Not Graduate,No,2253,2033.0,110.0,360.0,1.0,Rural,1
LP002335,0.0,Yes,0,Not Graduate,No,2149,3237.0,178.0,360.0,0.0,Semiurban,0
LP002337,0.0,No,0,Graduate,No,2995,0.0,60.0,360.0,1.0,Urban,1
LP002341,0.0,No,1,Graduate,No,2600,0.0,160.0,360.0,1.0,Urban,0
LP002342,1.0,Yes,2,Graduate,Yes,1600,20000.0,239.0,360.0,1.0,Urban,0
LP002345,1.0,Yes,0,Graduate,No,1025,2773.0,112.0,360.0,1.0,Rural,1
LP002347,1.0,Yes,0,Graduate,No,3246,1417.0,138.0,360.0,1.0,Semiurban,1
LP002348,1.0,Yes,0,Graduate,No,5829,0.0,138.0,360.0,1.0,Rural,1
LP002357,0.0,No,0,Not Graduate,No,2720,0.0,80.0,,0.0,Urban,0
LP002361,1.0,Yes,0,Graduate,No,1820,1719.0,100.0,360.0,1.0,Urban,1
LP002362,1.0,Yes,1,Graduate,No,7250,1667.0,110.0,,0.0,Urban,0
LP002364,1.0,Yes,0,Graduate,No,14880,0.0,96.0,360.0,1.0,Semiurban,1
LP002366,1.0,Yes,0,Graduate,No,2666,4300.0,121.0,360.0,1.0,Rural,1
LP002367,0.0,No,1,Not Graduate,No,4606,0.0,81.0,360.0,1.0,Rural,0
LP002368,1.0,Yes,2,Graduate,No,5935,0.0,133.0,360.0,1.0,Semiurban,1
LP002369,1.0,Yes,0,Graduate,No,2920,16.12000084,87.0,360.0,1.0,Rural,1
LP002370,1.0,No,0,Not Graduate,No,2717,0.0,60.0,180.0,1.0,Urban,1
LP002377,0.0,No,1,Graduate,Yes,8624,0.0,150.0,360.0,1.0,Semiurban,1
LP002379,1.0,No,0,Graduate,No,6500,0.0,105.0,360.0,0.0,Rural,0
LP002386,1.0,No,0,Graduate,,12876,0.0,405.0,360.0,1.0,Semiurban,1
LP002387,1.0,Yes,0,Graduate,No,2425,2340.0,143.0,360.0,1.0,Semiurban,1
LP002390,1.0,No,0,Graduate,No,3750,0.0,100.0,360.0,1.0,Urban,1
LP002393,0.0,,,Graduate,No,10047,0.0,,240.0,1.0,Semiurban,1
LP002398,1.0,No,0,Graduate,No,1926,1851.0,50.0,360.0,1.0,Semiurban,1
LP002401,1.0,Yes,0,Graduate,No,2213,1125.0,,360.0,1.0,Urban,1
LP002403,1.0,No,0,Graduate,Yes,10416,0.0,187.0,360.0,0.0,Urban,0
LP002407,0.0,Yes,0,Not Graduate,Yes,7142,0.0,138.0,360.0,1.0,Rural,1
LP002408,1.0,No,0,Graduate,No,3660,5064.0,187.0,360.0,1.0,Semiurban,1
LP002409,1.0,Yes,0,Graduate,No,7901,1833.0,180.0,360.0,1.0,Rural,1
LP002418,1.0,No,3+,Not Graduate,No,4707,1993.0,148.0,360.0,1.0,Semiurban,1
LP002422,1.0,No,1,Graduate,No,37719,0.0,152.0,360.0,1.0,Semiurban,1
LP002424,1.0,Yes,0,Graduate,No,7333,8333.0,175.0,300.0,,Rural,1
LP002429,1.0,Yes,1,Graduate,Yes,3466,1210.0,130.0,360.0,1.0,Rural,1
LP002434,1.0,Yes,2,Not Graduate,No,4652,0.0,110.0,360.0,1.0,Rural,1
LP002435,1.0,Yes,0,Graduate,,3539,1376.0,55.0,360.0,1.0,Rural,0
LP002443,1.0,Yes,2,Graduate,No,3340,1710.0,150.0,360.0,0.0,Rural,0
LP002444,1.0,No,1,Not Graduate,Yes,2769,1542.0,190.0,360.0,,Semiurban,0
LP002446,1.0,Yes,2,Not Graduate,No,2309,1255.0,125.0,360.0,0.0,Rural,0
LP002447,1.0,Yes,2,Not Graduate,No,1958,1456.0,60.0,300.0,,Urban,1
LP002448,1.0,Yes,0,Graduate,No,3948,1733.0,149.0,360.0,0.0,Rural,0
LP002449,1.0,Yes,0,Graduate,No,2483,2466.0,90.0,180.0,0.0,Rural,1
LP002453,1.0,No,0,Graduate,Yes,7085,0.0,84.0,360.0,1.0,Semiurban,1
LP002455,1.0,Yes,2,Graduate,No,3859,0.0,96.0,360.0,1.0,Semiurban,1
LP002459,1.0,Yes,0,Graduate,No,4301,0.0,118.0,360.0,1.0,Urban,1
LP002467,1.0,Yes,0,Graduate,No,3708,2569.0,173.0,360.0,1.0,Urban,0
LP002472,1.0,No,2,Graduate,No,4354,0.0,136.0,360.0,1.0,Rural,1
LP002473,1.0,Yes,0,Graduate,No,8334,0.0,160.0,360.0,1.0,Semiurban,0
LP002478,0.0,Yes,0,Graduate,Yes,2083,4083.0,160.0,360.0,,Semiurban,1
LP002484,1.0,Yes,3+,Graduate,No,7740,0.0,128.0,180.0,1.0,Urban,1
LP002487,1.0,Yes,0,Graduate,No,3015,2188.0,153.0,360.0,1.0,Rural,1
LP002489,0.0,No,1,Not Graduate,,5191,0.0,132.0,360.0,1.0,Semiurban,1
LP002493,1.0,No,0,Graduate,No,4166,0.0,98.0,360.0,0.0,Semiurban,0
LP002494,1.0,No,0,Graduate,No,6000,0.0,140.0,360.0,1.0,Rural,1
LP002500,1.0,Yes,3+,Not Graduate,No,2947,1664.0,70.0,180.0,0.0,Urban,0
LP002501,0.0,Yes,0,Graduate,No,16692,0.0,110.0,360.0,1.0,Semiurban,1
LP002502,0.0,Yes,2,Not Graduate,,210,2917.0,98.0,360.0,1.0,Semiurban,1
LP002505,1.0,Yes,0,Graduate,No,4333,2451.0,110.0,360.0,1.0,Urban,0
LP002515,1.0,Yes,1,Graduate,Yes,3450,2079.0,162.0,360.0,1.0,Semiurban,1
LP002517,1.0,Yes,1,Not Graduate,No,2653,1500.0,113.0,180.0,0.0,Rural,0
LP002519,1.0,Yes,3+,Graduate,No,4691,0.0,100.0,360.0,1.0,Semiurban,1
LP002522,0.0,No,0,Graduate,Yes,2500,0.0,93.0,360.0,,Urban,1
LP002524,1.0,No,2,Graduate,No,5532,4648.0,162.0,360.0,1.0,Rural,1
LP002527,1.0,Yes,2,Graduate,Yes,16525,1014.0,150.0,360.0,1.0,Rural,1
LP002529,1.0,Yes,2,Graduate,No,6700,1750.0,230.0,300.0,1.0,Semiurban,1
LP002530,0.0,Yes,2,Graduate,No,2873,1872.0,132.0,360.0,0.0,Semiurban,0
LP002531,1.0,Yes,1,Graduate,Yes,16667,2250.0,86.0,360.0,1.0,Semiurban,1
LP002533,1.0,Yes,2,Graduate,No,2947,1603.0,,360.0,1.0,Urban,0
LP002534,0.0,No,0,Not Graduate,No,4350,0.0,154.0,360.0,1.0,Rural,1
LP002536,1.0,Yes,3+,Not Graduate,No,3095,0.0,113.0,360.0,1.0,Rural,1
LP002537,1.0,Yes,0,Graduate,No,2083,3150.0,128.0,360.0,1.0,Semiurban,1
LP002541,1.0,Yes,0,Graduate,No,10833,0.0,234.0,360.0,1.0,Semiurban,1
LP002543,1.0,Yes,2,Graduate,No,8333,0.0,246.0,360.0,1.0,Semiurban,1
LP002544,1.0,Yes,1,Not Graduate,No,1958,2436.0,131.0,360.0,1.0,Rural,1
LP002545,1.0,No,2,Graduate,No,3547,0.0,80.0,360.0,0.0,Rural,0
LP002547,1.0,Yes,1,Graduate,No,18333,0.0,500.0,360.0,1.0,Urban,0
LP002555,1.0,Yes,2,Graduate,Yes,4583,2083.0,160.0,360.0,1.0,Semiurban,1
LP002556,1.0,No,0,Graduate,No,2435,0.0,75.0,360.0,1.0,Urban,0
LP002560,1.0,No,0,Not Graduate,No,2699,2785.0,96.0,360.0,,Semiurban,1
LP002562,1.0,Yes,1,Not Graduate,No,5333,1131.0,186.0,360.0,,Urban,1
LP002571,1.0,No,0,Not Graduate,No,3691,0.0,110.0,360.0,1.0,Rural,1
LP002582,0.0,No,0,Not Graduate,Yes,17263,0.0,225.0,360.0,1.0,Semiurban,1
LP002585,1.0,Yes,0,Graduate,No,3597,2157.0,119.0,360.0,0.0,Rural,0
LP002586,0.0,Yes,1,Graduate,No,3326,913.0,105.0,84.0,1.0,Semiurban,1
LP002587,1.0,Yes,0,Not Graduate,No,2600,1700.0,107.0,360.0,1.0,Rural,1
LP002588,1.0,Yes,0,Graduate,No,4625,2857.0,111.0,12.0,,Urban,1
LP002600,1.0,Yes,1,Graduate,Yes,2895,0.0,95.0,360.0,1.0,Semiurban,1
LP002602,1.0,No,0,Graduate,No,6283,4416.0,209.0,360.0,0.0,Rural,0
LP002603,0.0,No,0,Graduate,No,645,3683.0,113.0,480.0,1.0,Rural,1
LP002606,0.0,No,0,Graduate,No,3159,0.0,100.0,360.0,1.0,Semiurban,1
LP002615,1.0,Yes,2,Graduate,No,4865,5624.0,208.0,360.0,1.0,Semiurban,1
LP002618,1.0,Yes,1,Not Graduate,No,4050,5302.0,138.0,360.0,,Rural,0
LP002619,1.0,Yes,0,Not Graduate,No,3814,1483.0,124.0,300.0,1.0,Semiurban,1
LP002622,1.0,Yes,2,Graduate,No,3510,4416.0,243.0,360.0,1.0,Rural,1
LP002624,1.0,Yes,0,Graduate,No,20833,6667.0,480.0,360.0,,Urban,1
LP002625,0.0,No,0,Graduate,No,3583,0.0,96.0,360.0,1.0,Urban,0
LP002626,1.0,Yes,0,Graduate,Yes,2479,3013.0,188.0,360.0,1.0,Urban,1
LP002634,0.0,No,1,Graduate,No,13262,0.0,40.0,360.0,1.0,Urban,1
LP002637,1.0,No,0,Not Graduate,No,3598,1287.0,100.0,360.0,1.0,Rural,0
LP002640,1.0,Yes,1,Graduate,No,6065,2004.0,250.0,360.0,1.0,Semiurban,1
LP002643,1.0,Yes,2,Graduate,No,3283,2035.0,148.0,360.0,1.0,Urban,1
LP002648,1.0,Yes,0,Graduate,No,2130,6666.0,70.0,180.0,1.0,Semiurban,0
LP002652,1.0,No,0,Graduate,No,5815,3666.0,311.0,360.0,1.0,Rural,0
LP002659,1.0,Yes,3+,Graduate,No,3466,3428.0,150.0,360.0,1.0,Rural,1
LP002670,0.0,Yes,2,Graduate,No,2031,1632.0,113.0,480.0,1.0,Semiurban,1
LP002682,1.0,Yes,,Not Graduate,No,3074,1800.0,123.0,360.0,0.0,Semiurban,0
LP002683,1.0,No,0,Graduate,No,4683,1915.0,185.0,360.0,1.0,Semiurban,0
LP002684,0.0,No,0,Not Graduate,No,3400,0.0,95.0,360.0,1.0,Rural,0
LP002689,1.0,Yes,2,Not Graduate,No,2192,1742.0,45.0,360.0,1.0,Semiurban,1
LP002690,1.0,No,0,Graduate,No,2500,0.0,55.0,360.0,1.0,Semiurban,1
LP002692,1.0,Yes,3+,Graduate,Yes,5677,1424.0,100.0,360.0,1.0,Rural,1
LP002693,1.0,Yes,2,Graduate,Yes,7948,7166.0,480.0,360.0,1.0,Rural,1
LP002697,1.0,No,0,Graduate,No,4680,2087.0,,360.0,1.0,Semiurban,0
LP002699,1.0,Yes,2,Graduate,Yes,17500,0.0,400.0,360.0,1.0,Rural,1
LP002705,1.0,Yes,0,Graduate,No,3775,0.0,110.0,360.0,1.0,Semiurban,1
LP002706,1.0,Yes,1,Not Graduate,No,5285,1430.0,161.0,360.0,0.0,Semiurban,1
LP002714,1.0,No,1,Not Graduate,No,2679,1302.0,94.0,360.0,1.0,Semiurban,1
LP002716,1.0,No,0,Not Graduate,No,6783,0.0,130.0,360.0,1.0,Semiurban,1
LP002717,1.0,Yes,0,Graduate,No,1025,5500.0,216.0,360.0,,Rural,1
LP002720,1.0,Yes,3+,Graduate,No,4281,0.0,100.0,360.0,1.0,Urban,1
LP002723,1.0,No,2,Graduate,No,3588,0.0,110.0,360.0,0.0,Rural,0
LP002729,1.0,No,1,Graduate,No,11250,0.0,196.0,360.0,,Semiurban,0
LP002731,0.0,No,0,Not Graduate,Yes,18165,0.0,125.0,360.0,1.0,Urban,1
LP002732,1.0,No,0,Not Graduate,,2550,2042.0,126.0,360.0,1.0,Rural,1
LP002734,1.0,Yes,0,Graduate,No,6133,3906.0,324.0,360.0,1.0,Urban,1
LP002738,1.0,No,2,Graduate,No,3617,0.0,107.0,360.0,1.0,Semiurban,1
LP002739,1.0,Yes,0,Not Graduate,No,2917,536.0,66.0,360.0,1.0,Rural,0
LP002740,1.0,Yes,3+,Graduate,No,6417,0.0,157.0,180.0,1.0,Rural,1
LP002741,0.0,Yes,1,Graduate,No,4608,2845.0,140.0,180.0,1.0,Semiurban,1
LP002743,0.0,No,0,Graduate,No,2138,0.0,99.0,360.0,0.0,Semiurban,0
LP002753,0.0,No,1,Graduate,,3652,0.0,95.0,360.0,1.0,Semiurban,1
LP002755,1.0,Yes,1,Not Graduate,No,2239,2524.0,128.0,360.0,1.0,Urban,1
LP002757,0.0,Yes,0,Not Graduate,No,3017,663.0,102.0,360.0,,Semiurban,1
LP002767,1.0,Yes,0,Graduate,No,2768,1950.0,155.0,360.0,1.0,Rural,1
LP002768,1.0,No,0,Not Graduate,No,3358,0.0,80.0,36.0,1.0,Semiurban,0
LP002772,1.0,No,0,Graduate,No,2526,1783.0,145.0,360.0,1.0,Rural,1
LP002776,0.0,No,0,Graduate,No,5000,0.0,103.0,360.0,0.0,Semiurban,0
LP002777,1.0,Yes,0,Graduate,No,2785,2016.0,110.0,360.0,1.0,Rural,1
LP002778,1.0,Yes,2,Graduate,Yes,6633,0.0,,360.0,0.0,Rural,0
LP002784,1.0,Yes,1,Not Graduate,No,2492,2375.0,,360.0,1.0,Rural,1
LP002785,1.0,Yes,1,Graduate,No,3333,3250.0,158.0,360.0,1.0,Urban,1
LP002788,1.0,Yes,0,Not Graduate,No,2454,2333.0,181.0,360.0,0.0,Urban,0
LP002789,1.0,Yes,0,Graduate,No,3593,4266.0,132.0,180.0,0.0,Rural,0
LP002792,1.0,Yes,1,Graduate,No,5468,1032.0,26.0,360.0,1.0,Semiurban,1
LP002794,0.0,No,0,Graduate,No,2667,1625.0,84.0,360.0,,Urban,1
LP002795,1.0,Yes,3+,Graduate,Yes,10139,0.0,260.0,360.0,1.0,Semiurban,1
LP002798,1.0,Yes,0,Graduate,No,3887,2669.0,162.0,360.0,1.0,Semiurban,1
LP002804,0.0,Yes,0,Graduate,No,4180,2306.0,182.0,360.0,1.0,Semiurban,1
LP002807,1.0,Yes,2,Not Graduate,No,3675,242.0,108.0,360.0,1.0,Semiurban,1
LP002813,0.0,Yes,1,Graduate,Yes,19484,0.0,600.0,360.0,1.0,Semiurban,1
LP002820,1.0,Yes,0,Graduate,No,5923,2054.0,211.0,360.0,1.0,Rural,1
LP002821,1.0,No,0,Not Graduate,Yes,5800,0.0,132.0,360.0,1.0,Semiurban,1
LP002832,1.0,Yes,2,Graduate,No,8799,0.0,258.0,360.0,0.0,Urban,0
LP002833,1.0,Yes,0,Not Graduate,No,4467,0.0,120.0,360.0,,Rural,1
LP002836,1.0,No,0,Graduate,No,3333,0.0,70.0,360.0,1.0,Urban,1
LP002837,1.0,Yes,3+,Graduate,No,3400,2500.0,123.0,360.0,0.0,Rural,0
LP002840,0.0,No,0,Graduate,No,2378,0.0,9.0,360.0,1.0,Urban,0
LP002841,1.0,Yes,0,Graduate,No,3166,2064.0,104.0,360.0,0.0,Urban,0
LP002842,1.0,Yes,1,Graduate,No,3417,1750.0,186.0,360.0,1.0,Urban,1
LP002847,1.0,Yes,,Graduate,No,5116,1451.0,165.0,360.0,0.0,Urban,0
LP002855,1.0,Yes,2,Graduate,No,16666,0.0,275.0,360.0,1.0,Urban,1
LP002862,1.0,Yes,2,Not Graduate,No,6125,1625.0,187.0,480.0,1.0,Semiurban,0
LP002863,1.0,Yes,3+,Graduate,No,6406,0.0,150.0,360.0,1.0,Semiurban,0
LP002868,1.0,Yes,2,Graduate,No,3159,461.0,108.0,84.0,1.0,Urban,1
LP002872,0.0,Yes,0,Graduate,No,3087,2210.0,136.0,360.0,0.0,Semiurban,0
LP002874,1.0,No,0,Graduate,No,3229,2739.0,110.0,360.0,1.0,Urban,1
LP002877,1.0,Yes,1,Graduate,No,1782,2232.0,107.0,360.0,1.0,Rural,1
LP002888,1.0,No,0,Graduate,,3182,2917.0,161.0,360.0,1.0,Urban,1
LP002892,1.0,Yes,2,Graduate,No,6540,0.0,205.0,360.0,1.0,Semiurban,1
LP002893,1.0,No,0,Graduate,No,1836,33837.0,90.0,360.0,1.0,Urban,0
LP002894,0.0,Yes,0,Graduate,No,3166,0.0,36.0,360.0,1.0,Semiurban,1
LP002898,1.0,Yes,1,Graduate,No,1880,0.0,61.0,360.0,,Rural,0
LP002911,1.0,Yes,1,Graduate,No,2787,1917.0,146.0,360.0,0.0,Rural,0
LP002912,1.0,Yes,1,Graduate,No,4283,3000.0,172.0,84.0,1.0,Rural,0
LP002916,1.0,Yes,0,Graduate,No,2297,1522.0,104.0,360.0,1.0,Urban,1
LP002917,0.0,No,0,Not Graduate,No,2165,0.0,70.0,360.0,1.0,Semiurban,1
LP002925,0.0,No,0,Graduate,No,4750,0.0,94.0,360.0,1.0,Semiurban,1
LP002926,1.0,Yes,2,Graduate,Yes,2726,0.0,106.0,360.0,0.0,Semiurban,0
LP002928,1.0,Yes,0,Graduate,No,3000,3416.0,56.0,180.0,1.0,Semiurban,1
LP002931,1.0,Yes,2,Graduate,Yes,6000,0.0,205.0,240.0,1.0,Semiurban,0
LP002933,0.0,No,3+,Graduate,Yes,9357,0.0,292.0,360.0,1.0,Semiurban,1
LP002936,1.0,Yes,0,Graduate,No,3859,3300.0,142.0,180.0,1.0,Rural,1
LP002938,1.0,Yes,0,Graduate,Yes,16120,0.0,260.0,360.0,1.0,Urban,1
LP002940,1.0,No,0,Not Graduate,No,3833,0.0,110.0,360.0,1.0,Rural,1
LP002941,1.0,Yes,2,Not Graduate,Yes,6383,1000.0,187.0,360.0,1.0,Rural,0
LP002943,1.0,No,,Graduate,No,2987,0.0,88.0,360.0,0.0,Semiurban,0
LP002945,1.0,Yes,0,Graduate,Yes,9963,0.0,180.0,360.0,1.0,Rural,1
LP002948,1.0,Yes,2,Graduate,No,5780,0.0,192.0,360.0,1.0,Urban,1
LP002949,0.0,No,3+,Graduate,,416,41667.0,350.0,180.0,,Urban,0
LP002950,1.0,Yes,0,Not Graduate,,2894,2792.0,155.0,360.0,1.0,Rural,1
LP002953,1.0,Yes,3+,Graduate,No,5703,0.0,128.0,360.0,1.0,Urban,1
LP002958,1.0,No,0,Graduate,No,3676,4301.0,172.0,360.0,1.0,Rural,1
LP002959,0.0,Yes,1,Graduate,No,12000,0.0,496.0,360.0,1.0,Semiurban,1
LP002960,1.0,Yes,0,Not Graduate,No,2400,3800.0,,180.0,1.0,Urban,0
LP002961,1.0,Yes,1,Graduate,No,3400,2500.0,173.0,360.0,1.0,Semiurban,1
LP002964,1.0,Yes,2,Not Graduate,No,3987,1411.0,157.0,360.0,1.0,Rural,1
LP002974,1.0,Yes,0,Graduate,No,3232,1950.0,108.0,360.0,1.0,Rural,1
LP002978,0.0,No,0,Graduate,No,2900,0.0,71.0,360.0,1.0,Rural,1
LP002979,1.0,Yes,3+,Graduate,No,4106,0.0,40.0,180.0,1.0,Rural,1
LP002983,1.0,Yes,1,Graduate,No,8072,240.0,253.0,360.0,1.0,Urban,1
LP002984,1.0,Yes,2,Graduate,No,7583,0.0,187.0,360.0,1.0,Urban,1
LP002990,0.0,No,0,Graduate,Yes,4583,0.0,133.0,360.0,0.0,Semiurban,0
